Business,Phone,Website
ফ্ল্যাম্বে' রেস্তোরাঁ,ফোন: 01819-263289,নেই ❌
ঢাকা মেট্রো রেস্টুরেন্ট,ফোন: 01978-834274,নেই ❌
নওয়াব চাঁটগা,ফোন: 01873-667766,নেই ❌
মিরপুর ফার্মা রূপনগর,ফোন: 01777-437363,নেই ❌
তামান্না ফার্মেসী,ফোন: 01880-088726,নেই ❌
"ফ্যামেলী ফার্মেসী, আনন্দ নগর,হরীরূমপুর,মিরপুর",ফোন: 01979-345702,নেই ❌
Tayeba Pharmacy,ফোন: 01855-820700,নেই ❌
কাজী ফার্মা,ফোন: 01713-029831,নেই ❌
কেয়া ফার্মেসি,ফোন: 01916-603027,নেই ❌
ঢাকা ফার্মেসী,N/A,নেই ❌
# জাহুর ফার্মা,ফোন: 01988-663394,নেই ❌
জীবন ফার্মেসী,ফোন: 01830-577025,নেই ❌
আয়েশা ফার্মেসি,ফোন: 01715-458798,নেই ❌
লাজ ফার্মা,ফোন: 01721-112006,নেই ❌
এম / এস জাহানারা ফার্মেসী,ফোন: 01915-439667,নেই ❌
"এম/এস মা ফার্মেসী,25পরিসে রোড,মিরপুর-11,ঢাকা",ফোন: 01314-335046,নেই ❌
Mirpur Pharma,ফোন: 01707-072789,নেই ❌
BlackStone Pharma,ফোন: 01311-866922,নেই ❌
তামান্না ফার্মেসী,ফোন: 01918-437073,নেই ❌
সাইমা ফার্মা ডিপার্টমেন্টাল স্টোর,ফোন: 01963-328553,নেই ❌
Time Pharma,ফোন: 01907-447785,নেই ❌
খান ফার্মেসি,N/A,নেই ❌
স্কোয়ার হসপিটাল উত্তরা ব্রাঞ্চ,ফোন: 01313-718688,নেই ❌
হেলথ কেয়ার সেন্টার,ফোন: 01718-995872,নেই ❌
উত্তরা ক্রিসেন্ট ডায়াগনষ্টিক & কনসালটেশন সেন্টের (ইউনিট-1),ফোন: 09666-710665,নেই ❌
উত্তরা স্কিন কেয়ার এন্ড লেসার,ফোন: 01713-265632,নেই ❌
আরএমসি হাসপাতাল,ফোন: 01817-049140,নেই ❌
"LABAID Physiotherapy Centre,Uttara Unit-1 ল্যাবএইড ফিজিওথেরাপি সেন্টার, উত্তরা ইউনিট -১",ফোন: 01873-033194,নেই ❌
সানরাইজ কোচিং সেন্টার,N/A,নেই ❌
Udoy Coaching,ফোন: 01613-118833,নেই ❌
ই হক ধানমন্ডি-জিগাতলা ব্রাঞ্চ,ফোন: 01670-098107,নেই ❌
গ্রেক বাংলাদেশ,ফোন: 01768-377641,নেই ❌
রিগাল ট্রেনিং গ্রাউন্ড,ফোন: 01624-518456,নেই ❌
দা কোচ,ফোন: 01403-000450,নেই ❌
বিদ্যকোষ কোচিং সেন্টের,ফোন: 01689-145860,নেই ❌
জোনিথ কোচিং কেন্দ্র,ফোন: 01884-633624,নেই ❌



